cve,post_count,earliest_post_iso_utc,earliest_post_epoch,nvd_found,nvd_published,nvd_last_modified,cvss_score,cvss_severity,cvss_vector,vuln_status,vendors,lead_days,lead_hours,subreddits,example_urls
CVE-2026-88771,3,2026-09-26T06:43:22+00:00,1790405002,true,2026-09-27T17:16:56.260,2026-09-28T04:17:10.687,,,,Received,,1.44,34.56,Citrix,https://reddit.com/r/Citrix/comments/1wro1yf/critical_update_citrix_netscaler_adc_and_citrix/;https://reddit.com/r/Citrix/comments/1wrnfya/citrix_advisory_out/;https://reddit.com/r/Citrix/comments/1wqjk9a/netscaler_leak/
CVE-2026-88778,3,2026-09-26T06:43:22+00:00,1790405002,true,2026-09-27T17:16:57.110,2026-09-27T17:16:57.110,,,,Received,,1.44,34.56,Citrix,https://reddit.com/r/Citrix/comments/1wro1yf/critical_update_citrix_netscaler_adc_and_citrix/;https://reddit.com/r/Citrix/comments/1wrnfya/citrix_advisory_out/;https://reddit.com/r/Citrix/comments/1wqjk9a/netscaler_leak/
CVE-2026-93375,1,2026-09-16T18:07:48+00:00,1789582068,true,2026-09-17T21:17:54.787,2026-09-21T15:24:05.053,8.1,HIGH,CVSS:3.1/AV:L/AC:H/PR:N/UI:N/S:C/C:H/I:H/A:H,Analyzed,google;microsoft,1.132,27.169,debian,https://reddit.com/r/debian/comments/1wi4wwy/chromium_behind_on_security_updates_again/
CVE-2026-93379,1,2026-09-16T18:07:48+00:00,1789582068,true,2026-09-17T21:17:55.210,2026-09-21T11:09:49.853,4.3,MEDIUM,CVSS:3.1/AV:N/AC:L/PR:N/UI:R/S:U/C:L/I:N/A:N,Analyzed,google,1.132,27.169,debian,https://reddit.com/r/debian/comments/1wi4wwy/chromium_behind_on_security_updates_again/
CVE-2026-93383,1,2026-09-16T18:07:48+00:00,1789582068,true,2026-09-17T21:17:55.637,2026-09-18T17:19:59.160,4.3,MEDIUM,CVSS:3.1/AV:N/AC:L/PR:N/UI:R/S:U/C:L/I:N/A:N,Analyzed,google,1.132,27.169,debian,https://reddit.com/r/debian/comments/1wi4wwy/chromium_behind_on_security_updates_again/
CVE-2026-93387,1,2026-09-16T18:07:48+00:00,1789582068,true,2026-09-17T21:17:56.060,2026-09-18T17:17:02.200,4.3,MEDIUM,CVSS:3.1/AV:N/AC:L/PR:N/UI:R/S:U/C:L/I:N/A:N,Analyzed,google,1.132,27.169,debian,https://reddit.com/r/debian/comments/1wi4wwy/chromium_behind_on_security_updates_again/
CVE-2026-85706,1,2026-09-11T06:25:46+00:00,1789107946,true,2026-09-12T03:16:30.473,2026-09-24T12:52:28.143,10.0,CRITICAL,CVSS:3.1/AV:N/AC:L/PR:N/UI:N/S:C/C:H/I:H/A:N,Analyzed,gitlab,0.869,20.846,gitlab,https://reddit.com/r/gitlab/comments/1wd86c3/cve202685706_cvss_100_update_your_gitlab_ceee/
CVE-2026-77995,1,2026-08-24T14:35:47+00:00,1787582147,true,2026-08-24T14:17:03.403,2026-09-08T11:17:44.423,,,,Deferred,,-0.013,-0.312,joomla,https://reddit.com/r/joomla/comments/1vx4lbi/miniorange_oauth_client_joomla_account_takeover/
CVE-2026-62062,1,2026-09-25T08:36:07+00:00,1790325367,true,2026-09-25T07:16:54.010,2026-09-25T14:17:18.807,8.8,HIGH,CVSS:3.1/AV:N/AC:L/PR:N/UI:R/S:U/C:H/I:H/A:H,Deferred,,-0.055,-1.32,Wordpress,https://reddit.com/r/Wordpress/comments/1wpqz4s/csrf_vulnerability_in_elementor_430_and_431/
CVE-2026-86218,1,2026-09-06T05:27:14+00:00,1788672434,true,2026-09-06T03:17:17.373,2026-09-09T05:18:19.490,9.8,CRITICAL,CVSS:3.1/AV:N/AC:L/PR:N/UI:N/S:U/C:H/I:H/A:H,Analyzed,n-able,-0.09,-2.166,sysadmin,https://reddit.com/r/sysadmin/comments/1w8n7po/nable_ncentral_second_hotfix_of_the_day_for_a/
CVE-2026-69525,1,2026-09-08T21:14:13+00:00,1788902053,true,2026-09-08T18:19:20.030,2026-09-24T23:18:02.473,9.8,CRITICAL,CVSS:3.1/AV:N/AC:L/PR:N/UI:N/S:U/C:H/I:H/A:H,Analyzed,microsoft,-0.121,-2.915,sysadmin,https://reddit.com/r/sysadmin/comments/1wb1daf/ms_vulnerabilities_email_today/
CVE-2026-69669,1,2026-09-08T21:14:13+00:00,1788902053,true,2026-09-08T18:19:38.537,2026-09-24T23:18:17.717,8.8,HIGH,CVSS:3.1/AV:N/AC:L/PR:N/UI:R/S:U/C:H/I:H/A:H,Analyzed,microsoft,-0.121,-2.91,sysadmin,https://reddit.com/r/sysadmin/comments/1wb1daf/ms_vulnerabilities_email_today/
CVE-2026-69769,1,2026-09-08T21:14:13+00:00,1788902053,true,2026-09-08T18:19:48.147,2026-09-24T23:18:25.460,9.8,CRITICAL,CVSS:3.1/AV:N/AC:L/PR:N/UI:N/S:U/C:H/I:H/A:H,Analyzed,microsoft,-0.121,-2.907,sysadmin,https://reddit.com/r/sysadmin/comments/1wb1daf/ms_vulnerabilities_email_today/
CVE-2026-69829,1,2026-09-08T21:14:13+00:00,1788902053,true,2026-09-08T18:19:54.707,2026-09-24T23:18:31.780,9.8,CRITICAL,CVSS:3.1/AV:N/AC:L/PR:N/UI:N/S:U/C:H/I:H/A:H,Analyzed,microsoft,-0.121,-2.905,sysadmin,https://reddit.com/r/sysadmin/comments/1wb1daf/ms_vulnerabilities_email_today/
CVE-2026-70296,1,2026-09-08T21:14:13+00:00,1788902053,true,2026-09-08T18:20:04.910,2026-09-24T23:18:39.077,9.8,CRITICAL,CVSS:3.1/AV:N/AC:L/PR:N/UI:N/S:U/C:H/I:H/A:H,Analyzed,microsoft,-0.121,-2.902,sysadmin,https://reddit.com/r/sysadmin/comments/1wb1daf/ms_vulnerabilities_email_today/
CVE-2026-73009,1,2026-09-08T21:14:13+00:00,1788902053,true,2026-09-08T18:20:29.810,2026-09-24T23:18:55.503,9.8,CRITICAL,CVSS:3.1/AV:N/AC:L/PR:N/UI:N/S:U/C:H/I:H/A:H,Analyzed,microsoft,-0.121,-2.895,sysadmin,https://reddit.com/r/sysadmin/comments/1wb1daf/ms_vulnerabilities_email_today/
CVE-2026-68839,1,2026-09-08T21:14:13+00:00,1788902053,true,2026-09-08T18:18:31.623,2026-09-24T23:17:22.160,9.8,CRITICAL,CVSS:3.1/AV:N/AC:L/PR:N/UI:N/S:U/C:H/I:H/A:H,Analyzed,microsoft,-0.122,-2.928,sysadmin,https://reddit.com/r/sysadmin/comments/1wb1daf/ms_vulnerabilities_email_today/
CVE-2026-69463,1,2026-09-08T21:14:13+00:00,1788902053,true,2026-09-08T18:19:11.387,2026-09-24T23:17:54.623,9.8,CRITICAL,CVSS:3.1/AV:N/AC:L/PR:N/UI:N/S:U/C:H/I:H/A:H,Analyzed,microsoft,-0.122,-2.917,sysadmin,https://reddit.com/r/sysadmin/comments/1wb1daf/ms_vulnerabilities_email_today/
CVE-2026-82067,1,2026-09-08T21:14:13+00:00,1788902053,true,2026-09-08T17:18:35.617,2026-09-16T20:38:01.447,8.1,HIGH,CVSS:3.1/AV:N/AC:H/PR:N/UI:N/S:U/C:H/I:H/A:H,Analyzed,mongodb,-0.164,-3.927,sysadmin,https://reddit.com/r/sysadmin/comments/1wb1daf/ms_vulnerabilities_email_today/
CVE-2026-90999,1,2026-09-17T14:11:25+00:00,1789654285,true,2026-09-16T16:17:21.817,2026-09-18T17:49:08.457,9.8,CRITICAL,CVSS:3.1/AV:N/AC:L/PR:N/UI:N/S:U/C:H/I:H/A:H,Deferred,,-0.913,-21.901,netsec,https://reddit.com/r/netsec/comments/1wiv4bm/cve202690999_a_fabricated_sentry_bug_report_can/
CVE-2026-86555,1,2026-09-21T16:30:48+00:00,1790008248,true,2026-09-20T10:16:52.797,2026-09-22T19:41:38.447,6.2,MEDIUM,CVSS:3.1/AV:L/AC:L/PR:N/UI:N/S:U/C:H/I:N/A:N,Deferred,,-1.26,-30.232,netsec,https://reddit.com/r/netsec/comments/1wmhror/zte_smarthome_account_takeover_password_reset/
CVE-2026-75960,1,2026-08-28T09:12:16+00:00,1787908336,true,2026-08-26T14:17:13.220,2026-09-08T19:30:43.093,8.1,HIGH,CVSS:3.1/AV:N/AC:L/PR:L/UI:N/S:U/C:H/I:H/A:N,Deferred,,-1.788,-42.917,netsec,https://reddit.com/r/netsec/comments/1w0lg9k/one_resident_login_an_entire_apartment_complex/
CVE-2026-28609,2,2026-09-12T05:33:00+00:00,1789191180,true,2026-09-08T19:17:53.053,2026-09-15T14:17:03.557,8.8,HIGH,CVSS:3.1/AV:N/AC:L/PR:L/UI:N/S:U/C:H/I:H/A:H,Analyzed,google,-3.427,-82.252,Android;google,https://reddit.com/r/google/comments/1wf2oas/why_you_need_the_september_android_update_a_look/;https://reddit.com/r/Android/comments/1we3ubl/security_updates_in_google_play_system_updates_in/
CVE-2026-28618,2,2026-09-12T05:33:00+00:00,1789191180,true,2026-09-08T19:17:53.970,2026-09-15T14:24:07.937,8.8,HIGH,CVSS:3.1/AV:N/AC:L/PR:L/UI:N/S:U/C:H/I:H/A:H,Analyzed,google,-3.427,-82.252,Android;google,https://reddit.com/r/google/comments/1wf2oas/why_you_need_the_september_android_update_a_look/;https://reddit.com/r/Android/comments/1we3ubl/security_updates_in_google_play_system_updates_in/
CVE-2026-28662,2,2026-09-12T05:33:00+00:00,1789191180,true,2026-09-08T19:17:56.570,2026-09-15T14:16:11.727,8.0,HIGH,CVSS:3.1/AV:A/AC:L/PR:L/UI:N/S:U/C:H/I:H/A:H,Analyzed,google,-3.427,-82.251,Android;google,https://reddit.com/r/google/comments/1wf2oas/why_you_need_the_september_android_update_a_look/;https://reddit.com/r/Android/comments/1we3ubl/security_updates_in_google_play_system_updates_in/
CVE-2026-28664,2,2026-09-12T05:33:00+00:00,1789191180,true,2026-09-08T19:17:56.790,2026-09-23T19:41:55.753,7.8,HIGH,CVSS:3.1/AV:L/AC:L/PR:L/UI:N/S:U/C:H/I:H/A:H,Analyzed,google,-3.427,-82.251,Android;google,https://reddit.com/r/google/comments/1wf2oas/why_you_need_the_september_android_update_a_look/;https://reddit.com/r/Android/comments/1we3ubl/security_updates_in_google_play_system_updates_in/
CVE-2026-19478,1,2026-08-24T09:38:50+00:00,1787564330,true,2026-08-17T20:16:41.777,2026-09-02T12:43:20.490,9.4,CRITICAL,CVSS:3.1/AV:N/AC:L/PR:N/UI:N/S:U/C:L/I:H/A:H,Analyzed,gitlab,-6.557,-157.369,gitlab,https://reddit.com/r/gitlab/comments/1vwy1ps/actively_exploited_gitlab_vulnerability/
CVE-2026-67402,1,2026-09-13T14:12:39+00:00,1789308759,true,2026-09-04T00:17:13.690,2026-09-09T15:41:24.427,,,,Deferred,,-9.58,-229.924,cpanel,https://reddit.com/r/cpanel/comments/1wf8ra1/critical_rce_in_configserver_firewall_update_csf/
CVE-2026-80844,1,2026-09-18T07:57:53+00:00,1789718273,true,2026-09-04T16:18:13.023,2026-09-04T16:18:13.023,,,,Received,,-13.653,-327.661,netsec,https://reddit.com/r/netsec/comments/1wjjxd0/a_quartet_of_linux_local_root_vulns_dirtyah6/
CVE-2026-19490,2,2026-09-18T20:32:56+00:00,1789763576,true,2026-08-19T13:17:45.000,2026-09-10T12:48:10.453,9.8,CRITICAL,CVSS:3.1/AV:N/AC:L/PR:N/UI:N/S:U/C:H/I:H/A:H,Analyzed,citrix,-30.302,-727.253,Citrix,https://reddit.com/r/Citrix/comments/1wqjk9a/netscaler_leak/;https://reddit.com/r/Citrix/comments/1wk1l87/new_research_safe_detection_tool_for_cve202619490/
CVE-2026-20288,1,2026-09-13T22:23:46+00:00,1789338226,true,2026-08-05T17:16:49.527,2026-09-16T04:18:19.750,6.5,MEDIUM,CVSS:3.1/AV:N/AC:L/PR:H/UI:N/S:U/C:H/I:H/A:N,Analyzed,cisco,-39.213,-941.116,homelab,https://reddit.com/r/homelab/comments/1wflmwb/i_replaced_my_cisco_c240_m5s_inletbased_fan_curve/
CVE-2026-58286,1,2026-08-19T18:23:19+00:00,1787163799,true,2026-07-03T21:17:03.293,2026-07-07T04:17:55.037,8.1,HIGH,CVSS:3.1/AV:N/AC:H/PR:N/UI:N/S:C/C:L/I:H/A:L,Analyzed,microsoft,-46.879,-1125.104,sysadmin,https://reddit.com/r/sysadmin/comments/1vsuo5j/edge_browser_updates_on_ws2025_domain_controllers/
CVE-2026-10795,1,2026-09-07T07:39:40+00:00,1788766780,true,2026-06-11T07:16:26.713,2026-07-23T09:10:00.113,8.1,HIGH,CVSS:3.1/AV:N/AC:H/PR:N/UI:N/S:U/C:H/I:H/A:H,Deferred,,-88.016,-2112.387,Wordpress,https://reddit.com/r/Wordpress/comments/1w9lisq/updraftplus_php_backdoor_delivery_attempts_via/
CVE-2026-28581,2,2026-09-12T05:33:00+00:00,1789191180,true,2026-06-01T22:16:25.110,2026-09-08T19:17:51.403,4.0,MEDIUM,CVSS:3.1/AV:L/AC:L/PR:N/UI:N/S:U/C:N/I:L/A:N,Modified,google,-102.303,-2455.276,Android;google,https://reddit.com/r/google/comments/1wf2oas/why_you_need_the_september_android_update_a_look/;https://reddit.com/r/Android/comments/1we3ubl/security_updates_in_google_play_system_updates_in/
CVE-2026-34743,1,2026-09-26T16:44:46+00:00,1790441086,true,2026-04-02T19:21:33.187,2026-07-24T21:10:00.143,5.3,MEDIUM,CVSS:3.1/AV:N/AC:L/PR:N/UI:N/S:U/C:N/I:N/A:L,Modified,tukaani,-176.891,-4245.387,Fedora,https://reddit.com/r/Fedora/comments/1wqv73r/fedora_44_missing_xz_cve_patches/
CVE-2025-13032,1,2026-09-25T14:54:02+00:00,1790348042,true,2025-11-11T17:15:39.700,2026-06-17T08:33:24.003,9.9,CRITICAL,CVSS:3.1/AV:N/AC:L/PR:L/UI:N/S:C/C:H/I:H/A:H,Analyzed,avast;microsoft,-317.902,-7629.64,netsec,https://reddit.com/r/netsec/comments/1wpyg75/cve202513032_entering_and_breaking_the_avast/
CVE-2023-50488,1,2026-08-18T22:38:47+00:00,1787092727,true,2024-02-02T10:15:08.217,2026-06-17T06:39:43.847,9.8,CRITICAL,CVSS:3.1/AV:N/AC:L/PR:N/UI:N/S:U/C:H/I:H/A:H,Modified,blurams,-928.516,-22284.394,hardwarehacking,https://reddit.com/r/hardwarehacking/comments/1vs4dtb/hardwarefirmware_investigating_local_shellrtsp/
CVE-2023-5881,1,2026-09-06T04:29:02+00:00,1788668942,true,2024-01-03T20:15:21.903,2026-06-17T06:49:35.087,8.2,HIGH,CVSS:3.1/AV:N/AC:L/PR:N/UI:N/S:U/C:H/I:L/A:N,Modified,geniecompany,-976.343,-23432.228,homeassistant,https://reddit.com/r/homeassistant/comments/1w8m4e0/genie_aladdin_connect_api_leaking_other_users/
CVE-2023-42824,1,2026-09-24T09:01:30+00:00,1790240490,true,2023-10-04T19:15:10.490,2026-06-17T06:24:36.060,7.8,HIGH,CVSS:3.1/AV:L/AC:L/PR:L/UI:N/S:U/C:H/I:H/A:H,Analyzed,apple,-1085.574,-26053.772,whatsapp,https://reddit.com/r/whatsapp/comments/1wowlgz/someone_got_into_my_whatsapp/
CVE-2015-7547,2,2026-09-19T16:49:28+00:00,1789836568,true,2016-02-18T21:59:00.120,2026-06-17T00:32:43.407,8.1,HIGH,CVSS:3.0/AV:N/AC:H/PR:N/UI:N/S:U/C:H/I:H/A:H,Modified,canonical;debian;f5;gnu;hp;opensuse;oracle;redhat;sophos;suse,-3865.785,-92778.841,Ubiquiti,https://reddit.com/r/Ubiquiti/comments/1wkyomd/weird_error_message_from_quad9_to_pihole_in_ips/;https://reddit.com/r/Ubiquiti/comments/1wkr5c7/repeated_cve20157547_warnings_from_one_machine/
CVE-2008-0166,3,2026-09-26T19:37:39+00:00,1790451459,true,2008-05-13T17:20:00.000,2026-06-16T22:49:03.963,7.5,HIGH,CVSS:3.1/AV:N/AC:L/PR:N/UI:N/S:U/C:H/I:N/A:N,Modified,canonical;debian;openssl,-6710.096,-161042.294,debian;homelab,https://reddit.com/r/homelab/comments/1wrncl0/sshvulnkey_is_gone_from_the_repos_and_the_2008/;https://reddit.com/r/homelab/comments/1wr1sxi/anyone_still_have_an_untouched_debianubuntu/;https://reddit.com/r/debian/comments/1wqzi4q/did_you_run_bitcoin_using_debian_in_2009_to_2011/
