cve,error
CVE-2026-87766,NVD failed after 1 retries (last status=429).
CVE-2026-88772,NVD failed after 1 retries (last status=429).
CVE-2026-91766,NVD failed after 1 retries (last status=429).
CVE-2017-5487,NVD failed after 1 retries (last status=429).
CVE-2017-7932,NVD failed after 1 retries (last status=429).
CVE-2021-33045,NVD failed after 1 retries (last status=429).
CVE-2023-42916,NVD failed after 1 retries (last status=429).
CVE-2023-42917,NVD failed after 1 retries (last status=429).
CVE-2023-49105,NVD failed after 1 retries (last status=429).
CVE-2023-5217,NVD failed after 1 retries (last status=429).
CVE-2023-5879,NVD failed after 1 retries (last status=429).
CVE-2023-5881,NVD failed after 1 retries (last status=429).
CVE-2024-28000,NVD failed after 1 retries (last status=429).
CVE-2024-45411,NVD failed after 1 retries (last status=429).
CVE-2024-6387,NVD failed after 1 retries (last status=429).
CVE-2025-68402,NVD failed after 1 retries (last status=429).
CVE-2026-15409,NVD failed after 1 retries (last status=429).
CVE-2026-18397,NVD failed after 1 retries (last status=429).
CVE-2026-19478,NVD failed after 1 retries (last status=429).
CVE-2026-19632,NVD failed after 1 retries (last status=429).
CVE-2026-20288,NVD failed after 1 retries (last status=429).
CVE-2026-20353,NVD failed after 1 retries (last status=429).
CVE-2026-32475,NVD failed after 1 retries (last status=429).
CVE-2026-32740,NVD failed after 1 retries (last status=429).
CVE-2026-32882,NVD failed after 1 retries (last status=429).
CVE-2026-34743,NVD failed after 1 retries (last status=429).
CVE-2026-43456,NVD failed after 1 retries (last status=429).
CVE-2026-43499,NVD failed after 1 retries (last status=429).
CVE-2026-48746,NVD failed after 1 retries (last status=429).
CVE-2026-59309,NVD failed after 1 retries (last status=429).
CVE-2026-60004,NVD failed after 1 retries (last status=429).
CVE-2026-63030,NVD failed after 1 retries (last status=429).
CVE-2026-65669,NVD failed after 1 retries (last status=429).
CVE-2026-6727,NVD failed after 1 retries (last status=429).
CVE-2026-67401,NVD failed after 1 retries (last status=429).
CVE-2026-67402,NVD failed after 1 retries (last status=429).
CVE-2026-68839,NVD failed after 1 retries (last status=429).
CVE-2026-69276,NVD failed after 1 retries (last status=429).
CVE-2026-69408,NVD failed after 1 retries (last status=429).
CVE-2026-69491,NVD failed after 1 retries (last status=429).
CVE-2026-69493,NVD failed after 1 retries (last status=429).
CVE-2026-69496,NVD failed after 1 retries (last status=429).
CVE-2026-69586,NVD failed after 1 retries (last status=429).
CVE-2026-69590,NVD failed after 1 retries (last status=429).
CVE-2026-69595,NVD failed after 1 retries (last status=429).
CVE-2026-69730,NVD failed after 1 retries (last status=429).
CVE-2026-69768,NVD failed after 1 retries (last status=429).
CVE-2026-69819,NVD failed after 1 retries (last status=429).
CVE-2026-69824,NVD failed after 1 retries (last status=429).
CVE-2026-69829,NVD failed after 1 retries (last status=429).
CVE-2026-70296,NVD failed after 1 retries (last status=429).
CVE-2026-71972,NVD failed after 1 retries (last status=429).
CVE-2026-72982,NVD failed after 1 retries (last status=429).
CVE-2026-73009,NVD failed after 1 retries (last status=429).
CVE-2026-73025,NVD failed after 1 retries (last status=429).
CVE-2026-76440,NVD failed after 1 retries (last status=429).
CVE-2026-76441,NVD failed after 1 retries (last status=429).
CVE-2026-76461,NVD failed after 1 retries (last status=429).
CVE-2026-77219,NVD failed after 1 retries (last status=429).
CVE-2026-77493,NVD failed after 1 retries (last status=429).
CVE-2026-77995,NVD failed after 1 retries (last status=429).
CVE-2026-80521,NVD failed after 1 retries (last status=429).
CVE-2026-80844,NVD failed after 1 retries (last status=429).
CVE-2026-81642,NVD failed after 1 retries (last status=429).
CVE-2026-82067,NVD failed after 1 retries (last status=429).
CVE-2026-84388,NVD failed after 1 retries (last status=429).
CVE-2026-84434,NVD failed after 1 retries (last status=429).
CVE-2026-8508,NVD failed after 1 retries (last status=429).
CVE-2026-85880,NVD failed after 1 retries (last status=429).
CVE-2026-86207,NVD failed after 1 retries (last status=429).
CVE-2026-86218,NVD failed after 1 retries (last status=429).
CVE-2026-86552,NVD failed after 1 retries (last status=429).
CVE-2026-87719,NVD failed after 1 retries (last status=429).
CVE-2026-93372,NVD failed after 1 retries (last status=429).
CVE-2026-93373,NVD failed after 1 retries (last status=429).
CVE-2026-93375,NVD failed after 1 retries (last status=429).
CVE-2026-93376,NVD failed after 1 retries (last status=429).
CVE-2026-93378,NVD failed after 1 retries (last status=429).
CVE-2026-93379,NVD failed after 1 retries (last status=429).
CVE-2026-93382,NVD failed after 1 retries (last status=429).
CVE-2026-93383,NVD failed after 1 retries (last status=429).
CVE-2026-93384,NVD failed after 1 retries (last status=429).
CVE-2026-93387,NVD failed after 1 retries (last status=429).
CVE-2026-94130,NVD failed after 1 retries (last status=429).
CVE-2026-95699,NVD failed after 1 retries (last status=429).
